metric,value
total_return,-0.03758653513012422
max_drawdown,-0.046768276772421236
